date,temperature,humidity,precipitation,wind_speed
2026-01-07 00:00:00+03:00,-7.0,88.35089,0.1,14.019216
2026-01-07 01:00:00+03:00,-6.9,88.016754,0.1,14.019216
2026-01-07 02:00:00+03:00,-6.85,88.364845,0.2,15.379206
2026-01-07 03:00:00+03:00,-6.7,88.72286,0.2,15.034041
2026-01-07 04:00:00+03:00,-6.55,88.392654,0.3,15.443328
2026-01-07 05:00:00+03:00,-6.45,87.71851,0.3,13.854155
2026-01-07 06:00:00+03:00,-6.5,88.05487,0.1,14.30632
2026-01-07 07:00:00+03:00,-6.45,88.05961,0.1,13.141232
2026-01-07 08:00:00+03:00,-6.4,88.40652,0.1,13.141232
2026-01-07 09:00:00+03:00,-5.95,89.133545,0.3,12.96125
2026-01-07 10:00:00+03:00,-5.9,89.827896,0.4,11.364259
2026-01-07 11:00:00+03:00,-5.75,89.84011,0.3,10.436895
2026-01-07 12:00:00+03:00,-5.55,89.85638,0.2,7.4932766
2026-01-07 13:00:00+03:00,-5.45,90.90486,0.2,5.920878
2026-01-07 14:00:00+03:00,-5.2,91.27162,0.0,3.84796
2026-01-07 15:00:00+03:00,-5.65,91.9429,0.0,4.3573384
2026-01-07 16:00:00+03:00,-5.65,92.29621,0.0,2.907989
2026-01-07 17:00:00+03:00,-5.8,92.99789,0.0,0.8049845
2026-01-07 18:00:00+03:00,-5.8,93.71382,0.0,1.659518
2026-01-07 19:00:00+03:00,-5.85,93.71126,0.0,4.5891175
2026-01-07 20:00:00+03:00,-5.65,92.29621,0.1,5.0975285
2026-01-07 21:00:00+03:00,-5.1,92.68344,0.1,6.4096174
2026-01-07 22:00:00+03:00,-5.05,91.981895,0.3,6.696387
2026-01-07 23:00:00+03:00,-5.05,91.28215,0.3,6.552099
2026-01-08 00:00:00+03:00,-5.15,91.27512,0.2,6.7853074
2026-01-08 01:00:00+03:00,-5.25,90.919464,0.1,7.3997297
2026-01-08 02:00:00+03:00,-5.3,90.568245,0.1,8.197414
2026-01-08 03:00:00+03:00,-5.9,90.522675,0.2,6.1226463
2026-01-08 04:00:00+03:00,-6.0,90.86448,0.4,6.725354
2026-01-08 05:00:00+03:00,-6.1,90.857124,0.4,8.227004
2026-01-08 06:00:00+03:00,-6.15,89.80749,0.2,8.019601
2026-01-08 07:00:00+03:00,-6.25,89.79931,0.2,9.044888
2026-01-08 08:00:00+03:00,-6.4,89.4401,0.2,9.914717
2026-01-08 09:00:00+03:00,-6.1,89.81158,0.2,11.16145
2026-01-08 10:00:00+03:00,-6.25,89.10747,0.5,10.837435
2026-01-08 11:00:00+03:00,-6.4,87.04495,0.1,11.307095
2026-01-08 12:00:00+03:00,-6.4,86.37118,0.0,9.779817
2026-01-08 13:00:00+03:00,-6.35,85.70769,0.0,11.074022
2026-01-08 14:00:00+03:00,-6.45,83.38994,0.0,10.018743
2026-01-08 15:00:00+03:00,-7.6,83.56973,0.0,10.957847
2026-01-08 16:00:00+03:00,-7.75,83.22141,0.1,11.866355
2026-01-08 17:00:00+03:00,-7.75,83.55049,0.2,13.040997
2026-01-08 18:00:00+03:00,-7.85,83.208374,0.4,12.830604
2026-01-08 19:00:00+03:00,-8.05,83.84288,0.6,14.356058
2026-01-08 20:00:00+03:00,-8.45,85.13149,0.9,16.596157
2026-01-08 21:00:00+03:00,-8.25,85.492226,0.5,16.188995
2026-01-08 22:00:00+03:00,-8.35,84.13772,0.6,16.29174
2026-01-08 23:00:00+03:00,-8.55,83.447426,0.7,17.95043
2026-01-09 00:00:00+03:00,-8.8,81.769165,0.5,20.196127
2026-01-09 01:00:00+03:00,-9.15,80.74373,0.2,20.592503
2026-01-09 02:00:00+03:00,-9.65,81.32091,0.1,21.072304
2026-01-09 03:00:00+03:00,-9.55,82.984,0.7,20.523945
2026-01-09 04:00:00+03:00,-9.85,83.94948,1.2,23.940676
2026-01-09 05:00:00+03:00,-10.45,83.19884,1.4,24.874542
2026-01-09 06:00:00+03:00,-10.5,84.54645,1.9,22.017466
2026-01-09 07:00:00+03:00,-10.15,83.57434,2.0,23.31747
2026-01-09 08:00:00+03:00,-11.0,83.4638,1.5,22.315645
2026-01-09 09:00:00+03:00,-9.9,84.280846,1.3,21.170479
2026-01-09 10:00:00+03:00,-9.7,84.6441,1.9,20.196127
2026-01-09 11:00:00+03:00,-9.4,85.019394,1.0,18.57143
2026-01-09 12:00:00+03:00,-9.0,85.066734,1.0,18.671474
2026-01-09 13:00:00+03:00,-8.5,85.463524,0.7,18.624563
2026-01-09 14:00:00+03:00,-7.8,85.881065,0.5,17.9973
2026-01-09 15:00:00+03:00,-9.75,84.97779,0.5,17.373497
2026-01-09 16:00:00+03:00,-9.2,86.06559,0.8,16.50218
2026-01-09 17:00:00+03:00,-8.35,86.50055,0.3,15.858398
2026-01-09 18:00:00+03:00,-7.35,87.63027,0.3,15.215058
2026-01-09 19:00:00+03:00,-6.15,89.46123,0.2,14.087229
2026-01-09 20:00:00+03:00,-5.05,90.58714,0.3,13.272482
2026-01-09 21:00:00+03:00,-6.35,90.48827,0.2,12.224107
2026-01-09 22:00:00+03:00,-5.25,90.57202,0.1,12.7546215
2026-01-09 23:00:00+03:00,-4.25,90.992035,0.3,12.791403
2026-01-10 00:00:00+03:00,-3.3,91.40365,0.1,13.596852
2026-01-10 01:00:00+03:00,-2.5,92.48936,0.1,12.886039
2026-01-10 02:00:00+03:00,-1.75,94.26544,0.0,13.379461
2026-01-10 03:00:00+03:00,-2.3,95.65162,0.0,10.096059
2026-01-10 04:00:00+03:00,-1.85,96.37781,0.1,9.339208
2026-01-10 05:00:00+03:00,-1.5,94.62596,0.0,10.1456785
2026-01-10 06:00:00+03:00,-2.0,85.219444,0.0,10.661107
2026-01-10 07:00:00+03:00,-3.05,86.070984,0.0,9.67657
2026-01-10 08:00:00+03:00,-3.7,87.98246,0.0,8.12197
2026-01-10 09:00:00+03:00,-3.5,88.001335,0.0,8.707237
2026-01-10 10:00:00+03:00,-3.95,81.80735,0.0,9.96524
2026-01-10 11:00:00+03:00,-4.85,78.887825,0.0,6.698806
2026-01-10 12:00:00+03:00,-4.9,80.11165,0.0,10.261579
2026-01-10 13:00:00+03:00,-5.1,77.93435,0.0,10.799999
2026-01-10 14:00:00+03:00,-5.95,76.884575,0.0,9.567131
2026-01-10 15:00:00+03:00,-5.4,76.67879,0.0,6.7397914
2026-01-10 16:00:00+03:00,-5.65,78.454,0.0,8.149847
2026-01-10 17:00:00+03:00,-5.95,78.09919,0.0,8.688613
2026-01-10 18:00:00+03:00,-7.0,79.79281,0.0,7.674842
2026-01-10 19:00:00+03:00,-7.5,80.98662,0.0,7.928177
2026-01-10 20:00:00+03:00,-7.3,82.30281,0.0,7.44121
2026-01-10 21:00:00+03:00,-5.55,80.95281,0.0,6.6624317
2026-01-10 22:00:00+03:00,-6.8,82.04863,0.0,8.149847
2026-01-10 23:00:00+03:00,-7.45,85.24816,0.0,7.519175
2026-01-11 00:00:00+03:00,-6.75,86.333534,0.0,7.3094187
2026-01-11 01:00:00+03:00,-7.2,88.33225,0.1,7.2649574
2026-01-11 02:00:00+03:00,-7.4,89.35498,0.1,7.282774
2026-01-11 03:00:00+03:00,-5.6,80.31823,0.0,11.953409
2026-01-11 04:00:00+03:00,-7.0,78.23445,0.0,8.305396
2026-01-11 05:00:00+03:00,-8.5,80.83995,0.0,7.9077177
2026-01-11 06:00:00+03:00,-8.4,83.13623,0.0,8.748075
2026-01-11 07:00:00+03:00,-9.15,81.393166,0.0,8.9873905
2026-01-11 08:00:00+03:00,-9.65,78.425,0.0,8.738811
2026-01-11 09:00:00+03:00,-8.4,79.57616,0.0,6.489992
2026-01-11 10:00:00+03:00,-8.1,84.168785,0.2,5.5450516
2026-01-11 11:00:00+03:00,-7.85,86.21417,0.2,2.7475805
2026-01-11 12:00:00+03:00,-7.55,85.90893,0.2,2.0364676
2026-01-11 13:00:00+03:00,-7.3,86.612564,0.1,3.1072817
2026-01-11 14:00:00+03:00,-7.05,86.97809,0.1,3.7971036
2026-01-11 15:00:00+03:00,-6.7,83.0322,0.1,4.278551
2026-01-11 16:00:00+03:00,-6.6,84.35331,0.0,4.829907
2026-01-11 17:00:00+03:00,-6.35,86.71274,0.0,5.8603754
2026-01-11 18:00:00+03:00,-5.7,89.84417,0.0,7.570707
2026-01-11 19:00:00+03:00,-4.75,92.352135,0.0,8.538149
2026-01-11 20:00:00+03:00,-3.95,93.45443,0.0,8.427383
2026-01-11 21:00:00+03:00,-3.35,94.190765,0.0,10.609316
2026-01-11 22:00:00+03:00,-3.35,92.43794,0.1,11.555102
2026-01-11 23:00:00+03:00,-3.5,92.08135,0.2,12.320471
2026-01-12 00:00:00+03:00,-3.55,91.73173,0.5,13.433838
2026-01-12 01:00:00+03:00,-3.5,91.73504,0.5,14.178927
2026-01-12 02:00:00+03:00,-3.4,91.396774,0.7,14.913952
2026-01-12 03:00:00+03:00,-4.75,89.921005,0.6,15.027575
2026-01-12 04:00:00+03:00,-5.05,89.89684,0.7,14.291592
2026-01-12 05:00:00+03:00,-4.9,90.944954,0.8,13.022349
2026-01-12 06:00:00+03:00,-4.35,90.295845,0.6,12.606426
2026-01-12 07:00:00+03:00,-3.9,90.330605,0.4,12.601285
2026-01-12 08:00:00+03:00,-3.7,90.34599,0.3,12.616702
2026-01-12 09:00:00+03:00,-4.65,89.24548,0.2,10.316686
2026-01-12 10:00:00+03:00,-4.65,89.586685,0.1,9.931042
2026-01-12 11:00:00+03:00,-4.45,88.92302,0.1,9.67657
2026-01-12 12:00:00+03:00,-4.15,88.61169,0.0,9.167638
2026-01-12 13:00:00+03:00,-3.85,88.63863,0.0,6.638072
2026-01-12 14:00:00+03:00,-3.6,88.997284,0.0,6.2379804
2026-01-12 15:00:00+03:00,-4.85,89.91296,0.0,5.3939967
2026-01-12 16:00:00+03:00,-4.75,90.60974,0.1,4.755544
2026-01-12 17:00:00+03:00,-4.75,90.95586,0.1,5.004518
2026-01-12 18:00:00+03:00,-4.8,91.29966,0.0,3.8773184
2026-01-12 19:00:00+03:00,-4.7,91.654976,0.0,4.913044
2026-01-12 20:00:00+03:00,-4.6,92.01096,0.0,4.7657523
2026-01-12 21:00:00+03:00,-4.45,92.370636,0.0,5.426933
2026-01-12 22:00:00+03:00,-4.35,92.72773,0.0,5.950899
2026-01-12 23:00:00+03:00,-4.25,93.792725,0.0,5.8048253
2026-01-13 00:00:00+03:00,-4.0,94.16003,0.0,5.0816135
2026-01-13 01:00:00+03:00,-4.05,94.5137,0.0,4.952453
2026-01-13 02:00:00+03:00,-4.8,91.99806,0.0,6.898956
2026-01-13 03:00:00+03:00,-5.8,90.18258,0.0,6.0077944
2026-01-13 04:00:00+03:00,-6.5,90.12718,0.0,4.8899083
2026-01-13 05:00:00+03:00,-6.85,90.801575,0.0,4.445672
2026-01-13 06:00:00+03:00,-7.15,89.72524,0.0,4.913044
2026-01-13 07:00:00+03:00,-7.4,89.00665,0.0,5.0528407
2026-01-13 08:00:00+03:00,-7.8,88.97126,0.0,4.14
2026-01-13 09:00:00+03:00,-7.3,89.71284,0.0,3.4763772
2026-01-13 10:00:00+03:00,-7.55,89.69209,0.0,4.669604
2026-01-13 11:00:00+03:00,-7.75,88.62764,0.0,4.39436
2026-01-13 12:00:00+03:00,-7.8,86.90033,0.0,3.9477081
2026-01-13 13:00:00+03:00,-7.85,85.53798,0.0,3.710795
2026-01-13 14:00:00+03:00,-7.9,84.526474,0.0,3.494968
2026-01-13 15:00:00+03:00,-8.35,83.47328,0.0,1.2727921
2026-01-13 16:00:00+03:00,-8.25,84.15015,0.0,1.4512063
2026-01-13 17:00:00+03:00,-8.55,85.45778,0.0,2.4216523
2026-01-13 18:00:00+03:00,-8.45,85.46927,0.0,3.8939953
2026-01-13 19:00:00+03:00,-9.1,85.73489,0.0,4.278551
2026-01-13 20:00:00+03:00,-9.75,86.34906,0.0,4.2175345
2026-01-13 21:00:00+03:00,-8.45,85.13149,0.0,4.8433046
2026-01-13 22:00:00+03:00,-8.9,86.0988,0.0,5.4833565
2026-01-13 23:00:00+03:00,-9.25,86.40344,0.0,5.0688457
2026-01-14 00:00:00+03:00,-9.25,86.748055,0.0,5.9834766
2026-01-14 01:00:00+03:00,-9.3,87.43591,0.0,5.7852573
2026-01-14 02:00:00+03:00,-9.1,87.45605,0.1,5.506941
2026-01-14 03:00:00+03:00,-9.05,88.5081,0.2,4.5891175
2026-01-14 04:00:00+03:00,-8.8,89.23412,0.3,4.2021422
2026-01-14 05:00:00+03:00,-8.45,89.97047,0.3,4.952453
2026-01-14 06:00:00+03:00,-7.9,90.01504,0.2,5.0432134
2026-01-14 07:00:00+03:00,-7.25,90.41893,0.2,5.2323985
2026-01-14 08:00:00+03:00,-6.65,91.16882,0.3,5.5829024
2026-01-14 09:00:00+03:00,-6.6,91.8806,0.2,5.7204895
2026-01-14 10:00:00+03:00,-6.25,92.25858,0.3,4.8899083
2026-01-14 11:00:00+03:00,-5.65,91.59081,0.2,5.4477882
2026-01-14 12:00:00+03:00,-5.25,91.268105,0.2,4.5891175
2026-01-14 13:00:00+03:00,-4.95,91.289154,0.2,5.068846
2026-01-14 14:00:00+03:00,-4.7,91.654976,0.2,5.0816135
2026-01-14 15:00:00+03:00,-4.9,92.69529,0.1,4.7110505
2026-01-14 16:00:00+03:00,-4.85,92.34594,0.2,5.402999
2026-01-14 17:00:00+03:00,-4.7,92.00451,0.1,6.638072
2026-01-14 18:00:00+03:00,-4.45,92.370636,0.1,6.8138976
2026-01-14 19:00:00+03:00,-4.4,93.07705,0.1,5.5216303
2026-01-14 20:00:00+03:00,-4.65,94.12904,0.0,5.5916004
2026-01-14 21:00:00+03:00,-5.0,93.39841,0.0,5.7628117
2026-01-14 22:00:00+03:00,-5.45,92.30868,0.1,5.7431
2026-01-14 23:00:00+03:00,-5.75,91.584,0.0,5.2323985
2026-01-15 00:00:00+03:00,-6.15,90.85343,0.0,5.441838
2026-01-15 01:00:00+03:00,-6.45,90.480606,0.0,4.599695
2026-01-15 02:00:00+03:00,-6.85,90.09934,0.0,4.896529
2026-01-15 03:00:00+03:00,-7.0,90.43827,0.0,3.06
2026-01-15 04:00:00+03:00,-7.4,90.76054,0.0,2.9024127
2026-01-15 05:00:00+03:00,-7.8,90.37619,0.0,3.84796
2026-01-15 06:00:00+03:00,-8.2,89.63783,0.0,3.62243
2026-01-15 07:00:00+03:00,-8.55,89.25585,0.0,3.5455887
2026-01-15 08:00:00+03:00,-8.85,87.48117,0.0,3.8939953
2026-01-15 09:00:00+03:00,-8.35,86.84288,0.0,4.3349743
2026-01-15 10:00:00+03:00,-8.6,85.791374,0.0,3.8521678
2026-01-15 11:00:00+03:00,-8.6,84.77692,0.0,3.550155
2026-01-15 12:00:00+03:00,-8.5,84.453384,0.0,3.148714
2026-01-15 13:00:00+03:00,-8.45,83.79222,0.0,2.9301877
2026-01-15 14:00:00+03:00,-8.55,83.447426,0.0,3.396233
2026-01-15 15:00:00+03:00,-8.4,81.500786,0.0,2.226477
2026-01-15 16:00:00+03:00,-8.25,81.846634,0.0,1.8089776
2026-01-15 17:00:00+03:00,-8.3,83.47973,0.0,2.226477
2026-01-15 18:00:00+03:00,-8.35,84.13772,0.0,3.0758414
2026-01-15 19:00:00+03:00,-8.5,84.453384,0.0,2.97953
2026-01-15 20:00:00+03:00,-8.65,85.44626,0.0,3.7064266
2026-01-15 21:00:00+03:00,-8.9,85.757515,0.0,4.080882
2026-01-15 22:00:00+03:00,-9.45,86.38172,0.0,3.8268526
2026-01-15 23:00:00+03:00,-10.5,87.31407,0.0,4.6800003
2026-01-16 00:00:00+03:00,-10.6,87.655685,0.0,5.9644947
2026-01-16 01:00:00+03:00,-11.15,87.60064,0.0,5.6060677
2026-01-16 02:00:00+03:00,-11.65,87.19567,0.0,5.8631387
2026-01-16 03:00:00+03:00,-12.3,87.84212,0.0,5.2478566
2026-01-16 04:00:00+03:00,-12.7,87.44361,0.0,4.7657523
2026-01-16 05:00:00+03:00,-12.75,87.43852,0.0,4.5891175
2026-01-16 06:00:00+03:00,-12.7,86.730034,0.0,4.7110505
2026-01-16 07:00:00+03:00,-12.6,86.74079,0.0,4.9785542
2026-01-16 08:00:00+03:00,-12.35,86.41372,0.0,5.068846
2026-01-16 09:00:00+03:00,-12.15,86.08355,0.0,5.5887027
2026-01-16 10:00:00+03:00,-11.55,84.41692,0.0,5.0911684
2026-01-16 11:00:00+03:00,-11.3,84.10555,0.0,4.445672
2026-01-16 12:00:00+03:00,-10.65,83.172356,0.0,4.1046314
2026-01-16 13:00:00+03:00,-10.0,82.59074,0.0,3.693291
2026-01-16 14:00:00+03:00,-9.45,82.0053,0.0,3.3092594
2026-01-16 15:00:00+03:00,-9.3,82.68575,0.0,3.7842832
2026-01-16 16:00:00+03:00,-9.75,83.96213,0.0,1.659518
2026-01-16 17:00:00+03:00,-10.2,83.56787,0.0,2.3051248
2026-01-16 18:00:00+03:00,-10.1,83.91779,0.0,2.9024127
2026-01-16 19:00:00+03:00,-10.0,84.94797,0.0,2.9301877
2026-01-16 20:00:00+03:00,-10.0,85.6324,0.0,2.5264204
2026-01-16 21:00:00+03:00,-9.9,87.3752,0.0,2.3400002
2026-01-16 22:00:00+03:00,-9.7,86.70027,0.0,2.5772078
2026-01-16 23:00:00+03:00,-9.2,87.79415,0.0,4.323748
2026-01-17 00:00:00+03:00,-9.7,90.94674,0.0,5.3517847
2026-01-17 01:00:00+03:00,-10.5,92.352455,0.0,4.613762
2026-01-17 02:00:00+03:00,-11.1,91.57554,0.0,3.8141315
2026-01-17 03:00:00+03:00,-12.15,90.76228,0.0,3.62243
2026-01-17 04:00:00+03:00,-12.7,88.88658,0.0,4.5
2026-01-17 05:00:00+03:00,-13.35,88.46251,0.0,5.22
2026-01-17 06:00:00+03:00,-14.05,87.30449,0.0,5.257109
2026-01-17 07:00:00+03:00,-14.6,86.523224,0.0,4.6938257
2026-01-17 08:00:00+03:00,-15.4,87.163086,0.0,4.143911
2026-01-17 09:00:00+03:00,-13.6,89.17064,0.0,3.0758414
2026-01-17 10:00:00+03:00,-13.85,88.78095,0.0,3.9844694
2026-01-17 11:00:00+03:00,-13.65,88.43405,0.0,3.5455887
2026-01-17 12:00:00+03:00,-13.25,88.83625,0.0,4.613762
2026-01-17 13:00:00+03:00,-13.25,88.83625,0.0,4.1046314
2026-01-17 14:00:00+03:00,-13.5,89.179565,0.0,4.6730714
2026-01-17 15:00:00+03:00,-13.4,89.18845,0.0,3.6402748
2026-01-17 16:00:00+03:00,-13.7,88.794815,0.0,2.5772076
2026-01-17 17:00:00+03:00,-13.7,88.06512,0.0,3.4623692
2026-01-17 18:00:00+03:00,-13.55,88.07979,0.0,4.73506
2026-01-17 19:00:00+03:00,-13.15,87.397484,0.0,5.0432134
2026-01-17 20:00:00+03:00,-12.35,84.31717,0.0,5.7176566
2026-01-17 21:00:00+03:00,-15.0,86.84146,0.0,8.37532
2026-01-17 22:00:00+03:00,-14.75,86.50671,0.0,6.8989563
2026-01-17 23:00:00+03:00,-14.7,87.23668,0.0,6.384293
2026-01-18 00:00:00+03:00,-14.75,86.86839,0.0,6.854195
2026-01-18 01:00:00+03:00,-14.75,86.86839,0.0,6.2067385
2026-01-18 02:00:00+03:00,-14.85,85.77577,0.0,8.92408
2026-01-18 03:00:00+03:00,-14.65,86.879135,0.0,14.291592
2026-01-18 04:00:00+03:00,-14.3,87.27847,0.0,15.292585
2026-01-18 05:00:00+03:00,-13.7,86.26425,0.0,12.641076
2026-01-18 06:00:00+03:00,-13.55,86.280975,0.0,11.672275
2026-01-18 07:00:00+03:00,-13.35,85.59402,0.0,10.028439
2026-01-18 08:00:00+03:00,-13.3,85.95366,0.0,10.8015
2026-01-18 09:00:00+03:00,-14.15,85.85651,0.0,9.734988
2026-01-18 10:00:00+03:00,-13.8,85.187645,0.0,11.448055
2026-01-18 11:00:00+03:00,-13.3,85.24731,0.0,9.3962755
2026-01-18 12:00:00+03:00,-12.75,85.31252,0.0,10.261579
2026-01-18 13:00:00+03:00,-11.85,85.41835,0.0,11.402683
2026-01-18 14:00:00+03:00,-11.25,86.18398,0.0,10.449306
2026-01-18 15:00:00+03:00,-9.9,87.02646,0.0,9.734987
2026-01-18 16:00:00+03:00,-9.65,87.40053,0.0,11.525623
2026-01-18 17:00:00+03:00,-9.55,87.410675,0.0,12.371645
2026-01-18 18:00:00+03:00,-9.35,87.43087,0.0,12.662843
2026-01-18 19:00:00+03:00,-9.3,87.78435,0.0,11.881363
2026-01-18 20:00:00+03:00,-9.35,87.43087,0.0,11.165805
2026-01-18 21:00:00+03:00,-9.65,87.40053,0.0,11.341428
2026-01-18 22:00:00+03:00,-9.6,87.40562,0.0,10.63372
2026-01-18 23:00:00+03:00,-9.4,87.07838,0.0,9.555271
2026-01-19 00:00:00+03:00,-9.0,86.774475,0.0,10.285232
2026-01-19 01:00:00+03:00,-8.5,86.82714,0.0,9.901636
2026-01-19 02:00:00+03:00,-8.25,87.196625,0.0,9.208192
2026-01-19 03:00:00+03:00,-8.45,87.52119,0.0,7.613382
2026-01-19 04:00:00+03:00,-8.4,89.26885,0.0,8.287822
2026-01-19 05:00:00+03:00,-8.15,88.24317,0.0,8.909545
2026-01-19 06:00:00+03:00,-7.9,87.92069,0.0,8.759178
2026-01-19 07:00:00+03:00,-7.75,87.93519,0.0,8.4042845
2026-01-19 08:00:00+03:00,-7.7,88.28549,0.0,8.311245
2026-01-19 09:00:00+03:00,-7.9,88.96239,0.0,9.0018
2026-01-19 10:00:00+03:00,-7.65,87.944824,0.0,9.761578
2026-01-19 11:00:00+03:00,-7.45,88.30891,0.0,8.731392
2026-01-19 12:00:00+03:00,-7.25,88.673134,0.0,7.415038
2026-01-19 13:00:00+03:00,-7.1,88.686745,0.1,7.5685663
2026-01-19 14:00:00+03:00,-6.95,88.35553,0.1,7.0568266
2026-01-19 15:00:00+03:00,-6.65,88.72739,0.1,8.049845
2026-01-19 16:00:00+03:00,-6.4,88.06436,0.1,7.458606
2026-01-19 17:00:00+03:00,-6.45,88.74536,0.1,7.6642804
2026-01-19 18:00:00+03:00,-6.35,88.41115,0.0,8.513448
2026-01-19 19:00:00+03:00,-6.25,88.76332,0.0,8.557102
2026-01-19 20:00:00+03:00,-6.15,88.77229,0.0,8.29173
2026-01-19 21:00:00+03:00,-6.4,89.78702,0.0,7.8149853
2026-01-19 22:00:00+03:00,-6.25,90.14702,0.0,7.44121
2026-01-19 23:00:00+03:00,-6.15,90.50359,0.0,6.945761
2026-01-20 00:00:00+03:00,-6.0,90.51504,0.0,7.256032
2026-01-20 01:00:00+03:00,-5.9,90.522675,0.0,7.973005
2026-01-20 02:00:00+03:00,-5.75,90.53409,0.0,8.049845
2026-01-20 03:00:00+03:00,-6.4,90.83495,0.0,7.689603
2026-01-20 04:00:00+03:00,-6.45,91.18311,0.0,8.2584505
2026-01-20 05:00:00+03:00,-6.25,90.84605,0.0,8.766573
2026-01-20 06:00:00+03:00,-6.15,90.50359,0.0,8.654986
2026-01-20 07:00:00+03:00,-6.1,90.857124,0.0,8.905908
2026-01-20 08:00:00+03:00,-5.95,90.86817,0.0,9.080639
2026-01-20 09:00:00+03:00,-6.05,90.8608,0.0,8.649369
2026-01-20 10:00:00+03:00,-5.9,90.87185,0.0,8.035746
2026-01-20 11:00:00+03:00,-5.7,91.23636,0.0,6.8138976
2026-01-20 12:00:00+03:00,-5.45,91.25402,0.0,7.0568266
2026-01-20 13:00:00+03:00,-5.15,90.57959,0.0,8.12197
2026-01-20 14:00:00+03:00,-4.9,89.565926,0.0,8.707238
2026-01-20 15:00:00+03:00,-5.75,89.84011,0.0,8.281956
2026-01-20 16:00:00+03:00,-5.75,90.1865,0.0,7.3821945
2026-01-20 17:00:00+03:00,-5.75,89.84011,0.0,8.197414
2026-01-20 18:00:00+03:00,-5.75,89.4949,0.0,8.37532
2026-01-20 19:00:00+03:00,-5.75,90.1865,0.1,7.9077177
2026-01-20 20:00:00+03:00,-5.7,90.19043,0.1,7.1661706
2026-01-20 21:00:00+03:00,-6.25,90.49593,0.1,6.7469993
2026-01-20 22:00:00+03:00,-6.3,90.842354,0.1,6.2613096
2026-01-20 23:00:00+03:00,-6.25,91.19737,0.1,5.318383
2026-01-21 00:00:00+03:00,-6.2,91.553314,0.1,4.6730714
2026-01-21 01:00:00+03:00,-6.25,91.54989,0.0,4.445672
2026-01-21 02:00:00+03:00,-6.35,91.897064,0.0,4.4274144
2026-01-21 03:00:00+03:00,-7.15,91.844185,0.0,3.9312592
2026-01-21 04:00:00+03:00,-7.1,91.49143,0.0,4.599695
2026-01-21 05:00:00+03:00,-7.05,91.494896,0.0,3.693291
2026-01-21 06:00:00+03:00,-7.0,91.498344,0.0,1.835647
2026-01-21 07:00:00+03:00,-6.9,90.79787,0.1,2.7059932
2026-01-21 08:00:00+03:00,-7.25,91.83755,0.1,2.0523157
2026-01-21 09:00:00+03:00,-7.0,91.85413,0.0,1.4058449
2026-01-21 10:00:00+03:00,-7.1,91.84753,0.1,0.56920993
2026-01-21 11:00:00+03:00,-6.6,89.77061,0.2,0.9693296
2026-01-21 12:00:00+03:00,-6.4,90.13513,0.2,0.9178235
2026-01-21 13:00:00+03:00,-6.2,89.45701,0.1,0.76367533
2026-01-21 14:00:00+03:00,-6.1,89.46545,0.1,0.8049845
2026-01-21 15:00:00+03:00,-6.05,89.124855,0.1,1.4512063
2026-01-21 16:00:00+03:00,-6.1,90.158905,0.1,1.6981165
2026-01-21 17:00:00+03:00,-6.5,91.53276,0.1,2.0124612
2026-01-21 18:00:00+03:00,-6.65,92.23336,0.1,2.7238941
2026-01-21 19:00:00+03:00,-7.0,92.56944,0.1,3.5455887
2026-01-21 20:00:00+03:00,-6.85,92.220695,0.1,4.4274144
2026-01-21 21:00:00+03:00,-7.05,94.01249,0.1,4.175069
2026-01-21 22:00:00+03:00,-6.45,92.60272,0.1,6.0077944
2026-01-21 23:00:00+03:00,-6.35,91.897064,0.1,7.2202215
2026-01-22 00:00:00+03:00,-6.4,91.18667,0.1,6.8423676
2026-01-22 01:00:00+03:00,-6.55,90.823845,0.0,6.87779
2026-01-22 02:00:00+03:00,-6.8,90.4537,0.0,7.8625183
2026-01-22 03:00:00+03:00,-6.9,90.44601,0.0,7.9036193
2026-01-22 04:00:00+03:00,-6.7,90.11128,0.0,9.266067
2026-01-22 05:00:00+03:00,-6.75,89.063805,0.0,9.904906
2026-01-22 06:00:00+03:00,-7.15,88.33692,0.0,9.914717
2026-01-22 07:00:00+03:00,-7.4,87.96887,0.0,9.914717
2026-01-22 08:00:00+03:00,-7.65,87.600655,0.0,9.793058
2026-01-22 09:00:00+03:00,-7.9,88.266716,0.0,9.335737
2026-01-22 10:00:00+03:00,-7.85,88.27143,0.0,8.596766
2026-01-22 11:00:00+03:00,-7.85,86.89514,0.0,9.56713
2026-01-22 12:00:00+03:00,-7.8,85.881065,0.0,9.67657
2026-01-22 13:00:00+03:00,-7.8,84.87247,0.0,9.885262
2026-01-22 14:00:00+03:00,-7.8,83.87443,0.0,9.6932955
2026-01-22 15:00:00+03:00,-8.1,83.50552,0.0,10.137692
2026-01-22 16:00:00+03:00,-8.2,84.489975,0.0,8.155807
2026-01-22 17:00:00+03:00,-8.3,84.4778,0.0,9.227524
2026-01-22 18:00:00+03:00,-8.5,85.12562,0.0,10.484902
2026-01-22 19:00:00+03:00,-8.7,85.102104,0.0,10.299397
2026-01-22 20:00:00+03:00,-8.8,85.768814,0.0,9.54679
2026-01-22 21:00:00+03:00,-8.8,86.45213,0.0,8.350138
2026-01-22 22:00:00+03:00,-8.9,86.0988,0.0,7.7420926
2026-01-22 23:00:00+03:00,-9.05,85.06083,0.0,8.534353
2026-01-23 00:00:00+03:00,-9.3,83.6838,0.0,9.139322
2026-01-23 01:00:00+03:00,-9.65,83.63886,0.0,9.039514
2026-01-23 02:00:00+03:00,-10.0,83.593735,0.0,8.244708
2026-01-23 03:00:00+03:00,-10.75,83.834984,0.0,7.889259
2026-01-23 04:00:00+03:00,-10.55,84.199814,0.0,6.4096174
2026-01-23 05:00:00+03:00,-10.4,84.55871,0.0,5.6835546
2026-01-23 06:00:00+03:00,-10.65,86.598564,0.0,7.731622
2026-01-23 07:00:00+03:00,-11.2,85.148224,0.0,8.654986
2026-01-23 08:00:00+03:00,-11.8,84.04225,0.0,8.2584505
2026-01-23 09:00:00+03:00,-12.35,85.359695,0.0,7.7734165
2026-01-23 10:00:00+03:00,-12.35,85.0109,0.0,7.2359104
2026-01-23 11:00:00+03:00,-12.35,85.0109,0.0,6.341009
2026-01-23 12:00:00+03:00,-12.15,83.31254,0.0,5.1544156
2026-01-23 13:00:00+03:00,-11.9,80.65925,0.0,6.162207
2026-01-23 14:00:00+03:00,-11.8,74.91464,0.0,7.353611
2026-01-23 15:00:00+03:00,-11.9,80.990746,0.0,5.04
2026-01-23 16:00:00+03:00,-12.2,82.28715,0.0,3.7799997
2026-01-23 17:00:00+03:00,-12.6,83.2528,0.0,4.379589
2026-01-23 18:00:00+03:00,-13.95,85.169685,0.0,4.73506
2026-01-23 19:00:00+03:00,-14.95,86.48461,0.0,4.942631
2026-01-23 20:00:00+03:00,-15.3,86.08399,0.0,5.0816135
2026-01-23 21:00:00+03:00,-14.65,82.97673,0.0,6.792466
2026-01-23 22:00:00+03:00,-16.25,83.10888,0.0,4.3498964
2026-01-23 23:00:00+03:00,-17.15,85.14153,0.0,3.143565
2026-01-24 00:00:00+03:00,-17.45,86.204094,0.0,3.1845248
2026-01-24 01:00:00+03:00,-18.1,87.62254,0.0,2.9301877
2026-01-24 02:00:00+03:00,-18.4,87.215256,0.0,2.0124612
2026-01-24 03:00:00+03:00,-18.8,84.57133,0.0,3.143565
2026-01-24 04:00:00+03:00,-18.8,83.84103,0.0,2.3469129
2026-01-24 05:00:00+03:00,-18.65,83.49824,0.0,1.7727944
2026-01-24 06:00:00+03:00,-18.35,83.17822,0.0,0.5091169
2026-01-24 07:00:00+03:00,-18.0,82.86795,0.0,0.71999997
2026-01-24 08:00:00+03:00,-17.95,83.2329,0.0,1.5379207
2026-01-24 09:00:00+03:00,-19.3,81.96691,0.0,2.6758924
2026-01-24 10:00:00+03:00,-18.9,82.38304,0.0,1.9134263
2026-01-24 11:00:00+03:00,-18.45,82.0908,0.0,1.5273507
2026-01-24 12:00:00+03:00,-17.95,81.80926,0.0,2.0523157
2026-01-24 13:00:00+03:00,-17.45,81.53116,0.0,1.5273507
2026-01-24 14:00:00+03:00,-17.05,81.24149,0.0,0.9
2026-01-24 15:00:00+03:00,-16.65,80.2657,0.0,1.2074767
2026-01-24 16:00:00+03:00,-17.3,81.203896,0.0,1.0495713
2026-01-24 17:00:00+03:00,-18.6,83.505,0.0,1.7076298
2026-01-24 18:00:00+03:00,-18.85,84.199,0.0,1.8532133
2026-01-24 19:00:00+03:00,-18.85,84.199,0.0,1.9134263
2026-01-24 20:00:00+03:00,-18.65,84.590355,0.0,1.9386592
2026-01-24 21:00:00+03:00,-18.95,82.73511,0.0,5.154415
2026-01-24 22:00:00+03:00,-19.65,82.27519,0.0,2.8856194
2026-01-24 23:00:00+03:00,-20.15,81.841805,0.0,2.5455842
2026-01-25 00:00:00+03:00,-20.35,81.45216,0.0,2.7416782
2026-01-25 01:00:00+03:00,-20.55,81.42196,0.0,3.244996
2026-01-25 02:00:00+03:00,-21.25,82.0419,0.0,3.8268526
2026-01-25 03:00:00+03:00,-20.9,82.09331,0.0,3.4623692
2026-01-25 04:00:00+03:00,-20.35,81.81222,0.0,4.445672
2026-01-25 05:00:00+03:00,-19.95,82.23179,0.0,5.876938
2026-01-25 06:00:00+03:00,-19.7,82.99175,0.0,5.692099
2026-01-25 07:00:00+03:00,-19.55,82.650406,0.0,3.84796
2026-01-25 08:00:00+03:00,-19.3,81.96691,0.0,1.8792552
2026-01-25 09:00:00+03:00,-19.7,81.90821,0.0,3.319036
2026-01-25 10:00:00+03:00,-19.1,81.99621,0.0,2.7943513
2026-01-25 11:00:00+03:00,-18.5,81.72829,0.0,2.8460498
2026-01-25 12:00:00+03:00,-17.6,81.15865,0.0,2.52
2026-01-25 13:00:00+03:00,-17.0,80.21071,0.0,2.9301877
2026-01-25 14:00:00+03:00,-16.45,79.9549,0.0,4.2366967
2026-01-25 15:00:00+03:00,-16.6,78.57417,0.0,4.7110505
2026-01-25 16:00:00+03:00,-16.7,79.23362,0.0,3.1072817
2026-01-25 17:00:00+03:00,-17.3,80.508896,0.0,5.414979
2026-01-25 18:00:00+03:00,-17.4,80.840416,0.0,5.8298883
2026-01-25 19:00:00+03:00,-17.25,80.86339,0.0,5.7628117
2026-01-25 20:00:00+03:00,-17.2,80.52447,0.0,5.6060677
2026-01-25 21:00:00+03:00,-18.65,81.35187,0.0,6.424764
2026-01-25 22:00:00+03:00,-18.75,81.33681,0.0,5.6521144
2026-01-25 23:00:00+03:00,-19.0,80.94531,0.0,6.542201
2026-01-26 00:00:00+03:00,-19.6,80.49896,0.0,6.7469993
2026-01-26 01:00:00+03:00,-20.1,79.36307,0.0,5.983477
2026-01-26 02:00:00+03:00,-20.4,78.96297,0.0,5.4744864
2026-01-26 03:00:00+03:00,-20.5,80.002,0.0,5.7204895
2026-01-26 04:00:00+03:00,-20.3,80.0342,0.0,5.004518
2026-01-26 05:00:00+03:00,-20.05,80.78306,0.0,4.846648
2026-01-26 06:00:00+03:00,-19.4,80.883736,0.0,7.289445
2026-01-26 07:00:00+03:00,-18.85,81.676506,0.0,13.130133
2026-01-26 08:00:00+03:00,-18.15,82.13421,0.0,13.935767
2026-01-26 09:00:00+03:00,-17.85,81.47168,0.0,11.844492
2026-01-26 10:00:00+03:00,-17.5,79.101845,0.0,10.209348
2026-01-26 11:00:00+03:00,-17.15,80.18709,0.0,9.292254
2026-01-26 12:00:00+03:00,-16.15,80.002464,0.0,11.570515
2026-01-26 13:00:00+03:00,-14.95,81.21068,0.0,9.67657
2026-01-26 14:00:00+03:00,-14.35,81.64079,0.0,12.815443
2026-01-26 15:00:00+03:00,-11.3,80.42055,0.0,12.472065
2026-01-26 16:00:00+03:00,-11.3,80.74949,0.0,13.723745
2026-01-26 17:00:00+03:00,-11.45,79.09255,0.0,15.713702
2026-01-26 18:00:00+03:00,-11.15,78.17637,0.0,16.774803
2026-01-26 19:00:00+03:00,-10.7,76.67189,0.0,16.388899
2026-01-26 20:00:00+03:00,-10.7,73.598015,0.0,17.160524
2026-01-26 21:00:00+03:00,-10.9,74.77638,0.0,18.720863
2026-01-26 22:00:00+03:00,-10.85,75.09293,0.1,19.620825
2026-01-26 23:00:00+03:00,-10.65,75.13022,0.0,19.559633
2026-01-27 00:00:00+03:00,-10.3,76.742355,0.2,18.03237
2026-01-27 01:00:00+03:00,-9.75,78.09233,0.4,16.733225
2026-01-27 02:00:00+03:00,-9.45,78.77459,0.6,15.629971
2026-01-27 03:00:00+03:00,-8.75,78.57226,1.7,16.56489
2026-01-27 04:00:00+03:00,-8.5,81.811485,1.4,14.450535
2026-01-27 05:00:00+03:00,-8.4,84.131485,2.3,14.602204
2026-01-27 06:00:00+03:00,-8.25,83.48618,1.2,14.848635
2026-01-27 07:00:00+03:00,-8.15,83.83024,0.4,13.4903965
2026-01-27 08:00:00+03:00,-8.15,85.16663,0.5,12.7279215
2026-01-27 09:00:00+03:00,-8.95,85.41166,0.6,10.383987
2026-01-27 10:00:00+03:00,-8.6,85.45202,0.3,9.485504
2026-01-27 11:00:00+03:00,-8.2,85.160774,0.1,7.973005
2026-01-27 12:00:00+03:00,-7.9,85.19582,0.1,7.229191
2026-01-27 13:00:00+03:00,-7.65,85.56078,0.0,7.4672885
2026-01-27 14:00:00+03:00,-7.45,86.59663,0.4,6.1569467
2026-01-27 15:00:00+03:00,-7.85,87.580864,0.4,4.5
2026-01-27 16:00:00+03:00,-7.75,88.2808,0.1,4.991553
2026-01-27 17:00:00+03:00,-7.8,89.320656,0.1,5.257109
2026-01-27 18:00:00+03:00,-7.8,90.02313,0.3,6.1305785
2026-01-27 19:00:00+03:00,-7.8,90.37619,0.1,5.004518
2026-01-27 20:00:00+03:00,-7.85,90.37231,0.1,5.1575575
2026-01-27 21:00:00+03:00,-8.05,90.00292,0.4,5.4656014
2026-01-27 22:00:00+03:00,-8.2,91.05697,0.5,5.4477882
2026-01-27 23:00:00+03:00,-8.3,91.40787,0.7,5.771239
2026-01-28 00:00:00+03:00,-8.35,91.40436,0.6,6.391901
2026-01-28 01:00:00+03:00,-8.4,90.32925,0.9,6.77575
2026-01-28 02:00:00+03:00,-8.55,89.96236,1.0,6.162207
2026-01-28 03:00:00+03:00,-8.95,91.00211,0.8,5.7628117
2026-01-28 04:00:00+03:00,-9.05,90.63575,0.0,6.12
2026-01-28 05:00:00+03:00,-9.05,90.27799,0.0,6.310277
2026-01-28 06:00:00+03:00,-9.2,90.26612,0.0,7.0223074
2026-01-28 07:00:00+03:00,-9.35,90.254234,0.1,6.482499
2026-01-28 08:00:00+03:00,-9.5,89.884575,0.4,6.849467
2026-01-28 09:00:00+03:00,-10.2,90.18636,0.5,7.4346757
2026-01-28 10:00:00+03:00,-10.3,86.98471,0.3,8.019601
2026-01-28 11:00:00+03:00,-10.6,85.56348,0.0,8.311245
2026-01-28 12:00:00+03:00,-10.95,85.17783,0.2,8.557102
2026-01-28 13:00:00+03:00,-11.3,83.42453,0.3,8.209263
2026-01-28 14:00:00+03:00,-11.55,83.391716,0.6,8.101999
2026-01-28 15:00:00+03:00,-12.1,82.97858,0.9,7.970972
2026-01-28 16:00:00+03:00,-12.15,82.971825,0.7,8.909545
2026-01-28 17:00:00+03:00,-12.25,83.299286,0.5,7.3094187
2026-01-28 18:00:00+03:00,-12.35,83.97219,0.3,7.289444
2026-01-28 19:00:00+03:00,-12.45,84.99888,0.4,7.5942082
2026-01-28 20:00:00+03:00,-12.45,84.99888,0.3,8.643749
2026-01-28 21:00:00+03:00,-12.1,85.38905,0.3,7.7043357
2026-01-28 22:00:00+03:00,-12.1,85.38905,0.3,8.29173
2026-01-28 23:00:00+03:00,-12.05,85.046906,0.2,9.9
2026-01-29 00:00:00+03:00,-12.0,85.0529,0.3,8.338489
2026-01-29 01:00:00+03:00,-12.0,84.706276,0.4,9.5416975
2026-01-29 02:00:00+03:00,-12.0,83.33239,0.2,10.383987
2026-01-29 03:00:00+03:00,-12.15,83.65448,0.5,9.7565975
2026-01-29 04:00:00+03:00,-12.15,83.65448,0.6,10.233123
2026-01-29 05:00:00+03:00,-12.05,82.64609,0.1,11.161451
2026-01-29 06:00:00+03:00,-12.1,82.63923,0.1,12.241323
2026-01-29 07:00:00+03:00,-12.15,82.63235,0.0,11.843124
2026-01-29 08:00:00+03:00,-11.95,81.65023,0.1,13.491598
2026-01-29 09:00:00+03:00,-11.3,82.74846,0.1,11.837651
2026-01-29 10:00:00+03:00,-11.05,82.7824,0.4,12.768586
2026-01-29 11:00:00+03:00,-10.75,82.15441,0.5,12.819235
2026-01-29 12:00:00+03:00,-10.55,83.86053,0.5,11.521406
2026-01-29 13:00:00+03:00,-10.35,81.878624,0.3,12.56008
2026-01-29 14:00:00+03:00,-10.35,81.54828,0.2,11.442394
2026-01-29 15:00:00+03:00,-10.75,80.17745,0.2,13.441071
2026-01-29 16:00:00+03:00,-11.05,79.80534,0.3,14.206323
2026-01-29 17:00:00+03:00,-11.35,80.742,0.4,13.60519
2026-01-29 18:00:00+03:00,-11.5,81.38187,0.4,11.7827835
2026-01-29 19:00:00+03:00,-11.45,81.05745,0.4,13.026081
2026-01-29 20:00:00+03:00,-11.4,80.40532,0.3,14.713829
2026-01-29 21:00:00+03:00,-11.45,80.06962,0.1,15.710607
2026-01-29 22:00:00+03:00,-11.6,79.393196,0.1,15.937878
2026-01-29 23:00:00+03:00,-12.0,79.65621,0.1,14.587776
2026-01-30 00:00:00+03:00,-12.2,79.29728,0.0,14.118243
2026-01-30 01:00:00+03:00,-12.7,79.54533,0.0,13.752048
2026-01-30 02:00:00+03:00,-13.1,79.48159,0.0,14.319901
2026-01-30 03:00:00+03:00,-13.65,81.403,0.0,13.596852
2026-01-30 04:00:00+03:00,-14.3,81.3072,0.0,13.523978
2026-01-30 05:00:00+03:00,-14.55,81.611626,0.0,13.979871
2026-01-30 06:00:00+03:00,-14.75,81.240456,0.0,13.533558
2026-01-30 07:00:00+03:00,-14.95,80.52969,0.0,13.055896
2026-01-30 08:00:00+03:00,-15.45,79.77434,0.0,12.758432
2026-01-30 09:00:00+03:00,-16.7,79.23362,0.0,12.313893
2026-01-30 10:00:00+03:00,-16.8,79.557556,0.0,11.571914
2026-01-30 11:00:00+03:00,-16.45,78.59943,0.0,11.39842
2026-01-30 12:00:00+03:00,-15.8,77.05013,0.0,10.3480425
2026-01-30 13:00:00+03:00,-15.65,76.09795,0.0,10.209348
2026-01-30 14:00:00+03:00,-15.4,74.858154,0.0,9.854075
2026-01-30 15:00:00+03:00,-14.45,73.780785,0.0,10.2742
2026-01-30 16:00:00+03:00,-14.45,73.15854,0.0,11.542478
2026-01-30 17:00:00+03:00,-15.0,73.67166,0.0,12.267762
2026-01-30 18:00:00+03:00,-15.7,74.48149,0.0,12.413476
2026-01-30 19:00:00+03:00,-16.4,74.98686,0.0,11.841756
2026-01-30 20:00:00+03:00,-17.15,75.492455,0.0,11.672275
2026-01-30 21:00:00+03:00,-17.3,76.44974,0.0,11.27553
2026-01-30 22:00:00+03:00,-18.0,76.987656,0.0,11.177405
2026-01-30 23:00:00+03:00,-18.65,77.88423,0.0,11.307095
2026-01-31 00:00:00+03:00,-19.4,78.78409,0.0,10.706595
2026-01-31 01:00:00+03:00,-20.2,79.69772,0.0,10.261579
2026-01-31 02:00:00+03:00,-20.9,79.93728,0.0,9.914717
2026-01-31 03:00:00+03:00,-19.4,81.95226,0.0,10.783487
2026-01-31 04:00:00+03:00,-19.1,81.63938,0.0,11.226575
2026-01-31 05:00:00+03:00,-19.1,80.92997,0.0,11.720751
2026-01-31 06:00:00+03:00,-19.8,79.76287,0.0,12.371645
2026-01-31 07:00:00+03:00,-20.55,78.93769,0.0,12.93247
2026-01-31 08:00:00+03:00,-21.15,77.44143,0.0,12.638512
2026-01-31 09:00:00+03:00,-20.85,77.49523,0.0,13.202726
2026-01-31 10:00:00+03:00,-20.7,77.17796,0.0,13.238261
2026-01-31 11:00:00+03:00,-20.15,76.25685,0.0,12.534257
2026-01-31 12:00:00+03:00,-18.85,73.85819,0.0,13.100489
2026-01-31 13:00:00+03:00,-17.95,74.03843,0.0,14.915039
2026-01-31 14:00:00+03:00,-17.75,73.75634,0.0,14.36621
2026-01-31 15:00:00+03:00,-17.0,72.00995,0.0,15.146761
2026-01-31 16:00:00+03:00,-17.0,73.90641,0.0,14.967083
2026-01-31 17:00:00+03:00,-17.1,75.17634,0.0,16.141893
2026-01-31 18:00:00+03:00,-17.55,76.073494,0.0,16.663374
2026-01-31 19:00:00+03:00,-18.4,77.589035,0.0,16.909464
2026-01-31 20:00:00+03:00,-19.0,78.16449,0.0,16.840345
2026-01-31 21:00:00+03:00,-18.65,77.54485,0.0,16.87878
2026-01-31 22:00:00+03:00,-19.3,76.41488,0.0,16.801823
2026-01-31 23:00:00+03:00,-20.1,75.928894,0.0,17.134071
2026-02-01 00:00:00+03:00,-20.65,75.15162,0.0,17.643673
2026-02-01 01:00:00+03:00,-21.2,74.70861,0.0,17.146357
2026-02-01 02:00:00+03:00,-21.5,74.31413,0.0,16.818203
2026-02-01 03:00:00+03:00,-21.95,74.55961,0.1,17.280937
2026-02-01 04:00:00+03:00,-22.1,76.23186,0.2,12.410866
2026-02-01 05:00:00+03:00,-21.85,73.90936,0.1,18.57143
2026-02-01 06:00:00+03:00,-21.6,73.9602,0.1,19.067259
2026-02-01 07:00:00+03:00,-20.8,74.45409,0.2,19.602652
2026-02-01 08:00:00+03:00,-20.3,74.2223,0.2,18.359999
2026-02-01 09:00:00+03:00,-21.5,74.64915,0.2,19.263363
2026-02-01 10:00:00+03:00,-21.55,76.6786,0.2,13.570615
2026-02-01 11:00:00+03:00,-21.25,76.39141,0.1,13.6063795
2026-02-01 12:00:00+03:00,-20.8,75.45859,0.2,14.008811
2026-02-01 13:00:00+03:00,-19.95,74.62261,0.2,15.3686695
2026-02-01 14:00:00+03:00,-19.15,74.451126,0.1,14.021525
2026-02-01 15:00:00+03:00,-20.4,72.24207,0.1,13.529966
2026-02-01 16:00:00+03:00,-20.25,70.99432,0.1,11.609651
2026-02-01 17:00:00+03:00,-20.35,71.60995,0.1,11.144021
2026-02-01 18:00:00+03:00,-20.45,72.55498,0.0,10.484903
2026-02-01 19:00:00+03:00,-20.5,73.852036,0.1,9.587428
2026-02-01 20:00:00+03:00,-20.65,74.81709,0.0,9.037721
2026-02-01 21:00:00+03:00,-20.15,77.2772,0.0,8.909545
2026-02-01 22:00:00+03:00,-20.6,77.88518,0.0,9.648067
2026-02-01 23:00:00+03:00,-20.8,78.54552,0.0,9.688281
2026-02-02 00:00:00+03:00,-21.0,78.162155,0.0,9.19939
2026-02-02 01:00:00+03:00,-21.1,78.1447,0.0,8.891344
2026-02-02 02:00:00+03:00,-20.6,78.23183,0.1,8.880405
2026-02-02 03:00:00+03:00,-20.9,78.52833,0.1,8.790563
2026-02-02 04:00:00+03:00,-20.75,78.55411,0.0,9.9408245
2026-02-02 05:00:00+03:00,-20.75,78.55411,0.0,10.4166975
2026-02-02 06:00:00+03:00,-21.0,78.51112,0.0,10.272623
2026-02-02 07:00:00+03:00,-21.3,78.45938,0.0,10.209348
2026-02-02 08:00:00+03:00,-21.85,78.36407,0.0,9.914717
2026-02-02 09:00:00+03:00,-21.8,78.02183,0.0,10.086427
2026-02-02 10:00:00+03:00,-21.5,78.07462,0.0,9.914717
2026-02-02 11:00:00+03:00,-20.8,77.15981,0.0,9.36173
2026-02-02 12:00:00+03:00,-19.9,75.63107,0.0,7.8625183
2026-02-02 13:00:00+03:00,-18.7,73.88835,0.0,8.777653
2026-02-02 14:00:00+03:00,-17.8,72.47075,0.0,8.482947
2026-02-02 15:00:00+03:00,-18.2,72.7048,0.0,6.198903
2026-02-02 16:00:00+03:00,-17.7,72.80847,0.0,7.186487
2026-02-02 17:00:00+03:00,-17.95,74.36204,0.0,7.689603
2026-02-02 18:00:00+03:00,-17.55,75.09004,0.1,8.557102
2026-02-02 19:00:00+03:00,-17.7,77.0416,0.0,8.93859
2026-02-02 20:00:00+03:00,-17.85,78.02332,0.1,8.863972
2026-02-02 21:00:00+03:00,-18.45,78.94383,0.0,7.8625183
2026-02-02 22:00:00+03:00,-20.25,79.68953,0.0,7.570707
2026-02-02 23:00:00+03:00,-21.0,79.566475,0.0,8.149847
2026-02-03 00:00:00+03:00,-20.95,80.28508,0.0,8.61371
2026-02-03 01:00:00+03:00,-21.0,80.634544,0.0,7.989243
2026-02-03 02:00:00+03:00,-21.65,80.89252,0.0,7.342588
2026-02-03 03:00:00+03:00,-20.2,80.75974,0.0,6.8612823
2026-02-03 04:00:00+03:00,-21.85,79.42571,0.0,8.287822
2026-02-03 05:00:00+03:00,-22.8,79.266754,0.0,7.7420926
2026-02-03 06:00:00+03:00,-24.0,80.521286,0.0,6.1437774
2026-02-03 07:00:00+03:00,-25.3,79.572655,0.0,5.6521144
2026-02-03 08:00:00+03:00,-25.55,76.98818,0.0,7.989243
2026-02-03 09:00:00+03:00,-23.2,79.92108,0.0,8.709098
2026-02-03 10:00:00+03:00,-23.75,79.106026,0.0,8.827343
2026-02-03 11:00:00+03:00,-22.95,77.1148,0.0,8.427383
2026-02-03 12:00:00+03:00,-21.55,73.970314,0.0,7.689603
2026-02-03 13:00:00+03:00,-20.3,72.26335,0.0,6.9899354
2026-02-03 14:00:00+03:00,-19.45,71.1698,0.0,7.342588
2026-02-03 15:00:00+03:00,-17.05,66.56734,0.0,7.229191
2026-02-03 16:00:00+03:00,-17.3,70.70436,0.0,7.5685663
2026-02-03 17:00:00+03:00,-18.3,74.29284,0.0,8.0599
2026-02-03 18:00:00+03:00,-18.95,75.479195,0.0,8.891344
2026-02-03 19:00:00+03:00,-19.4,77.07186,0.0,9.565437
2026-02-03 20:00:00+03:00,-19.65,77.36693,0.0,9.459852
2026-02-03 21:00:00+03:00,-18.6,77.892975,0.0,9.693296
2026-02-03 22:00:00+03:00,-19.1,78.83472,0.0,9.172938
2026-02-03 23:00:00+03:00,-19.5,80.16241,0.0,9.144637
2026-02-04 00:00:00+03:00,-19.8,80.46747,0.0,9.224011
2026-02-04 01:00:00+03:00,-20.1,80.77531,0.0,9.36173
2026-02-04 02:00:00+03:00,-20.15,81.12419,0.0,10.441552
2026-02-04 03:00:00+03:00,-19.85,81.52738,0.0,11.688918
2026-02-04 04:00:00+03:00,-19.5,81.22334,0.0,11.177405
2026-02-04 05:00:00+03:00,-18.7,81.34433,0.0,10.814989
2026-02-04 06:00:00+03:00,-18.0,81.09802,0.0,10.261579
2026-02-04 07:00:00+03:00,-17.9,80.76357,0.0,9.965239
2026-02-04 08:00:00+03:00,-17.95,80.75586,0.0,10.028439
2026-02-04 09:00:00+03:00,-18.15,80.37606,0.0,10.196647
2026-02-04 10:00:00+03:00,-18.1,79.6904,0.0,9.793058
2026-02-04 11:00:00+03:00,-17.5,78.421814,0.0,9.039514
2026-02-04 12:00:00+03:00,-16.05,75.69947,0.0,10.706596
2026-02-04 13:00:00+03:00,-15.45,75.81134,0.0,8.93859
2026-02-04 14:00:00+03:00,-15.05,73.97579,0.0,5.720489
2026-02-04 15:00:00+03:00,-12.8,74.10448,0.0,5.426933
2026-02-04 16:00:00+03:00,-13.1,74.98039,0.0,6.6697226
2026-02-04 17:00:00+03:00,-14.3,78.62576,0.0,7.040739
2026-02-04 18:00:00+03:00,-14.0,79.66969,0.0,8.688613
2026-02-04 19:00:00+03:00,-13.6,81.07242,0.0,8.688613
2026-02-04 20:00:00+03:00,-13.2,81.80714,0.0,8.035746
2026-02-04 21:00:00+03:00,-14.85,80.8847,0.0,8.775807
2026-02-04 22:00:00+03:00,-15.6,80.77077,0.0,7.3447943
2026-02-04 23:00:00+03:00,-16.35,81.69336,0.0,6.4624763
2026-02-05 00:00:00+03:00,-17.25,81.21142,0.0,5.6060677
2026-02-05 01:00:00+03:00,-19.05,82.721016,0.0,6.130579
2026-02-05 02:00:00+03:00,-20.0,81.50486,0.0,6.698806
2026-02-05 03:00:00+03:00,-19.6,81.56483,0.0,9.904906
2026-02-05 04:00:00+03:00,-19.35,82.67872,0.0,6.66
2026-02-05 05:00:00+03:00,-19.05,81.64683,0.0,7.327127
2026-02-05 06:00:00+03:00,-18.9,81.669075,0.0,6.5223618
2026-02-05 07:00:00+03:00,-18.8,81.683914,0.0,5.5916004
2026-02-05 08:00:00+03:00,-18.75,81.69131,0.0,5.8769383
2026-02-05 09:00:00+03:00,-20.45,81.43708,0.0,8.373386
2026-02-05 10:00:00+03:00,-19.75,81.54236,0.0,6.522361
2026-02-05 11:00:00+03:00,-18.8,80.976,0.0,2.4216523
2026-02-05 12:00:00+03:00,-17.45,78.76958,0.0,3.572898
2026-02-05 13:00:00+03:00,-16.65,78.903114,0.0,3.536439
2026-02-05 14:00:00+03:00,-16.2,78.977745,0.0,4.3349743
2026-02-05 15:00:00+03:00,-12.5,80.23677,0.0,5.8852015
2026-02-05 16:00:00+03:00,-12.65,82.56354,0.0,5.4744864
2026-02-05 17:00:00+03:00,-13.4,83.8372,0.0,6.452441
2026-02-05 18:00:00+03:00,-14.35,84.06369,0.0,6.830519
2026-02-05 19:00:00+03:00,-15.45,84.63142,0.0,6.4323244
2026-02-05 20:00:00+03:00,-17.65,89.94341,0.0,6.0908127
2026-02-05 21:00:00+03:00,-16.6,84.487114,0.0,8.536252
2026-02-05 22:00:00+03:00,-17.5,84.01185,0.0,7.6579366
2026-02-05 23:00:00+03:00,-17.0,83.006226,0.0,8.155807
2026-02-06 00:00:00+03:00,-16.95,82.30644,0.0,7.968939
2026-02-06 01:00:00+03:00,-17.05,82.64509,0.0,7.8149853
2026-02-06 02:00:00+03:00,-17.35,82.249306,0.0,7.247096
2026-02-06 03:00:00+03:00,-17.35,83.31445,0.0,6.7853074
2026-02-06 04:00:00+03:00,-17.7,81.49401,0.0,7.729527
2026-02-06 05:00:00+03:00,-17.95,81.45675,0.0,8.29173
2026-02-06 06:00:00+03:00,-18.05,80.74042,0.0,8.373386
2026-02-06 07:00:00+03:00,-18.1,80.38394,0.0,8.0899935
2026-02-06 08:00:00+03:00,-18.0,80.05241,0.0,8.242743
2026-02-06 09:00:00+03:00,-16.75,81.63462,0.0,8.37532
2026-02-06 10:00:00+03:00,-16.45,80.98523,0.0,7.596341
2026-02-06 11:00:00+03:00,-15.85,79.71047,0.0,8.043805
2026-02-06 12:00:00+03:00,-15.0,79.84587,0.0,7.519175
2026-02-06 13:00:00+03:00,-14.35,80.28449,0.0,7.8149853
2026-02-06 14:00:00+03:00,-13.8,80.7054,0.0,6.452441
2026-02-06 15:00:00+03:00,-12.05,77.38433,0.0,6.5693827
2026-02-06 16:00:00+03:00,-12.15,77.68709,0.0,9.1958685
2026-02-06 17:00:00+03:00,-12.35,78.621475,0.0,9.931042
2026-02-06 18:00:00+03:00,-12.8,80.19044,0.0,9.567131
2026-02-06 19:00:00+03:00,-12.95,81.16897,0.0,8.435069
2026-02-06 20:00:00+03:00,-12.6,81.55626,0.0,9.7565975
2026-02-06 21:00:00+03:00,-12.1,82.97858,0.0,9.726664
2026-02-06 22:00:00+03:00,-12.05,82.64609,0.1,9.648067
2026-02-06 23:00:00+03:00,-12.0,82.652916,0.1,9.693296
2026-02-07 00:00:00+03:00,-12.0,81.97843,0.1,10.30883
2026-02-07 01:00:00+03:00,-12.1,82.30111,0.1,8.373386
2026-02-07 02:00:00+03:00,-12.15,83.31254,0.0,5.7628117
2026-02-07 03:00:00+03:00,-13.85,83.43142,0.0,5.369916
2026-02-07 04:00:00+03:00,-13.6,83.81133,0.0,6.444905
2026-02-07 05:00:00+03:00,-13.5,84.52127,0.0,6.7469993
2026-02-07 06:00:00+03:00,-14.0,84.458916,0.0,5.1481256
2026-02-07 07:00:00+03:00,-14.0,84.810646,0.0,5.257109
2026-02-07 08:00:00+03:00,-15.4,86.43475,0.0,4.198285
2026-02-07 09:00:00+03:00,-14.75,89.43839,0.0,3.9966488
2026-02-07 10:00:00+03:00,-13.5,86.643524,0.0,4.323748
2026-02-07 11:00:00+03:00,-12.75,84.96271,0.0,5.1197267
2026-02-07 12:00:00+03:00,-11.8,84.38585,0.0,3.964089
2026-02-07 13:00:00+03:00,-11.3,83.42453,0.0,3.6402748
2026-02-07 14:00:00+03:00,-10.9,83.47687,0.0,3.6447225
2026-02-07 15:00:00+03:00,-11.0,80.794365,0.0,3.3043609
2026-02-07 16:00:00+03:00,-11.6,79.719215,0.0,2.907989
2026-02-07 17:00:00+03:00,-12.65,80.54561,0.0,4.514377
2026-02-07 18:00:00+03:00,-14.0,83.4115,0.0,5.5450516
2026-02-07 19:00:00+03:00,-14.2,84.43386,0.0,5.3999996
2026-02-07 20:00:00+03:00,-12.65,82.2241,0.0,5.2478566
2026-02-07 21:00:00+03:00,-10.9,81.80058,0.0,7.329338
2026-02-07 22:00:00+03:00,-10.4,82.53609,0.0,8.36758
2026-02-07 23:00:00+03:00,-10.05,83.58727,0.0,9.080639
2026-02-08 00:00:00+03:00,-9.9,84.61977,0.0,10.132897
2026-02-08 01:00:00+03:00,-10.0,84.94797,0.0,10.449306
2026-02-08 02:00:00+03:00,-10.2,84.92405,0.0,10.8792095
2026-02-08 03:00:00+03:00,-10.4,85.242676,0.0,11.525623
2026-02-08 04:00:00+03:00,-10.75,84.857994,0.1,12.534257
2026-02-08 05:00:00+03:00,-11.35,84.44173,0.0,13.671707
2026-02-08 06:00:00+03:00,-11.8,83.01893,0.0,14.512064
2026-02-08 07:00:00+03:00,-12.3,81.59972,0.0,14.690691
2026-02-08 08:00:00+03:00,-12.8,80.19044,0.0,14.440443
2026-02-08 09:00:00+03:00,-12.75,80.5304,0.0,14.949756
2026-02-08 10:00:00+03:00,-12.85,79.85146,0.0,14.944336
2026-02-08 11:00:00+03:00,-13.5,80.41568,0.0,14.869351
2026-02-08 12:00:00+03:00,-13.55,78.42216,0.0,15.669307
2026-02-08 13:00:00+03:00,-12.95,76.58792,0.0,16.248924
2026-02-08 14:00:00+03:00,-12.5,77.3063,0.0,16.415567
2026-02-08 15:00:00+03:00,-12.5,76.03485,0.0,14.383114
2026-02-08 16:00:00+03:00,-12.35,76.06214,0.0,15.206537
2026-02-08 17:00:00+03:00,-12.15,77.048096,0.0,16.208996
2026-02-08 18:00:00+03:00,-12.3,77.02181,0.0,16.595179
2026-02-08 19:00:00+03:00,-12.45,77.63567,0.0,15.697197
2026-02-08 20:00:00+03:00,-12.6,77.28892,0.0,15.188415
2026-02-08 21:00:00+03:00,-12.35,77.97454,0.0,14.813682
2026-02-08 22:00:00+03:00,-12.25,77.99145,0.0,14.068817
2026-02-08 23:00:00+03:00,-11.9,78.372444,0.0,12.971244
2026-02-09 00:00:00+03:00,-11.6,79.06836,0.0,11.734564
2026-02-09 01:00:00+03:00,-11.4,78.134544,0.0,11.304229
2026-02-09 02:00:00+03:00,-11.35,79.10869,0.0,10.1902895
2026-02-09 03:00:00+03:00,-11.0,81.45447,0.0,10.650465
2026-02-09 04:00:00+03:00,-10.95,81.13116,0.0,11.638917
2026-02-09 05:00:00+03:00,-11.1,81.109116,0.0,12.387348
2026-02-09 06:00:00+03:00,-11.35,81.40371,0.0,11.161451
2026-02-09 07:00:00+03:00,-11.5,81.71489,0.0,11.200571
2026-02-09 08:00:00+03:00,-11.8,81.67182,0.0,11.328566
2026-02-09 09:00:00+03:00,-11.45,82.72805,0.0,11.334285
2026-02-09 10:00:00+03:00,-11.55,82.37765,0.0,11.966954
2026-02-09 11:00:00+03:00,-11.55,81.04268,0.0,12.750811
2026-02-09 12:00:00+03:00,-11.45,79.742744,0.0,13.104198
2026-02-09 13:00:00+03:00,-11.25,79.12478,0.0,13.619471
2026-02-09 14:00:00+03:00,-11.05,78.83447,0.0,14.654254
2026-02-09 15:00:00+03:00,-10.75,77.92477,0.0,12.362475
2026-02-09 16:00:00+03:00,-10.5,77.65019,0.0,11.190442
2026-02-09 17:00:00+03:00,-10.1,78.668945,0.0,12.483749
2026-02-09 18:00:00+03:00,-10.05,80.60939,0.0,12.93247
2026-02-09 19:00:00+03:00,-10.05,81.59132,0.0,13.110376
2026-02-09 20:00:00+03:00,-10.35,81.54828,0.0,14.584443
2026-02-09 21:00:00+03:00,-10.55,82.18232,0.0,14.056144
2026-02-09 22:00:00+03:00,-10.4,80.88368,0.0,14.345898
2026-02-09 23:00:00+03:00,-10.45,79.575226,0.0,14.118243
2026-02-10 00:00:00+03:00,-10.75,80.17745,0.0,13.1041975
2026-02-10 01:00:00+03:00,-10.85,80.816765,0.0,13.229694
2026-02-10 02:00:00+03:00,-11.0,81.12382,0.0,13.499999
2026-02-10 03:00:00+03:00,-11.15,81.76493,0.0,12.093535
2026-02-10 04:00:00+03:00,-11.3,81.74352,0.0,12.461669
2026-02-10 05:00:00+03:00,-11.95,82.322014,0.0,11.755254
2026-02-10 06:00:00+03:00,-11.8,82.68031,0.0,11.792404
2026-02-10 07:00:00+03:00,-11.6,82.370705,0.0,11.700001
2026-02-10 08:00:00+03:00,-11.5,82.04912,0.0,11.448055
2026-02-10 09:00:00+03:00,-10.85,82.80948,0.0,10.934166
2026-02-10 10:00:00+03:00,-10.6,82.84324,0.0,10.587917
2026-02-10 11:00:00+03:00,-10.2,81.56981,0.0,10.172787
2026-02-10 12:00:00+03:00,-9.75,80.97979,0.0,10.564942
2026-02-10 13:00:00+03:00,-9.4,79.73944,0.0,10.182337
2026-02-10 14:00:00+03:00,-9.0,75.73968,0.0,10.088033
2026-02-10 15:00:00+03:00,-8.5,74.322296,0.0,7.989243
2026-02-10 16:00:00+03:00,-8.55,74.014404,0.0,5.9644947
2026-02-10 17:00:00+03:00,-8.9,76.370026,0.0,5.072041
2026-02-10 18:00:00+03:00,-9.55,79.39573,0.0,6.552099
2026-02-10 19:00:00+03:00,-10.15,81.24826,0.0,8.067936
2026-02-10 20:00:00+03:00,-11.05,82.44679,0.0,8.641874
2026-02-10 21:00:00+03:00,-10.45,79.89872,0.0,8.435069
2026-02-10 22:00:00+03:00,-12.55,81.22804,0.0,7.653705
2026-02-10 23:00:00+03:00,-13.45,81.09476,0.0,7.8149853
2026-02-11 00:00:00+03:00,-14.0,80.00354,0.0,8.36758
2026-02-11 01:00:00+03:00,-14.55,77.925156,0.0,9.335737
2026-02-11 02:00:00+03:00,-15.1,75.87629,0.0,9.12513
2026-02-11 03:00:00+03:00,-15.2,78.47527,0.0,9.600937
2026-02-11 04:00:00+03:00,-15.6,76.107155,0.0,9.600937
2026-02-11 05:00:00+03:00,-15.65,72.603294,0.0,11.226575
2026-02-11 06:00:00+03:00,-15.6,69.56304,0.0,12.641076
2026-02-11 07:00:00+03:00,-15.15,67.602325,0.0,12.904882
2026-02-11 08:00:00+03:00,-13.1,66.65577,0.0,12.996199
2026-02-11 09:00:00+03:00,-12.0,68.04533,0.0,13.799087
2026-02-11 10:00:00+03:00,-11.3,70.21493,0.0,14.57889
2026-02-11 11:00:00+03:00,-10.55,73.3264,0.1,15.013554
2026-02-11 12:00:00+03:00,-9.95,76.182976,0.1,14.113652
2026-02-11 13:00:00+03:00,-9.05,78.52333,0.2,12.979984
2026-02-11 14:00:00+03:00,-8.6,79.544945,0.1,12.096214
2026-02-11 15:00:00+03:00,-8.45,80.84733,0.3,9.668195
2026-02-11 16:00:00+03:00,-7.55,80.34146,0.1,11.090103
2026-02-11 17:00:00+03:00,-7.0,81.699295,0.2,11.4862
2026-02-11 18:00:00+03:00,-6.55,82.72786,0.2,11.511559
2026-02-11 19:00:00+03:00,-5.95,82.8076,0.1,12.257194
2026-02-11 20:00:00+03:00,-5.6,84.47461,0.2,12.881008
2026-02-11 21:00:00+03:00,-5.6,84.47461,0.1,12.879752
2026-02-11 22:00:00+03:00,-5.4,84.825745,0.1,13.040997
2026-02-11 23:00:00+03:00,-5.4,85.48324,0.2,13.125196
2026-02-12 00:00:00+03:00,-5.5,84.486664,0.0,13.929953
2026-02-12 01:00:00+03:00,-5.65,85.7859,0.1,13.845967
2026-02-12 02:00:00+03:00,-5.7,85.78033,0.1,14.039999
2026-02-12 03:00:00+03:00,-6.45,86.70223,0.2,13.499999
2026-02-12 04:00:00+03:00,-6.3,86.71798,0.2,13.441071
2026-02-12 05:00:00+03:00,-6.05,86.40871,0.2,13.1041975
2026-02-12 06:00:00+03:00,-5.85,87.10113,0.1,12.750811
2026-02-12 07:00:00+03:00,-5.55,87.80581,0.1,12.267762
2026-02-12 08:00:00+03:00,-5.3,88.16814,0.2,12.616703
2026-02-12 09:00:00+03:00,-5.35,88.84359,0.2,12.429127
2026-02-12 10:00:00+03:00,-5.05,88.530266,0.5,12.576836
2026-02-12 11:00:00+03:00,-4.65,87.55677,0.2,12.093534
2026-02-12 12:00:00+03:00,-4.15,86.94056,0.1,11.767651
2026-02-12 13:00:00+03:00,-3.85,87.968285,0.3,11.734564
2026-02-12 14:00:00+03:00,-3.45,88.00604,0.6,13.169555
2026-02-12 15:00:00+03:00,-3.8,89.99698,0.8,11.705537
2026-02-12 16:00:00+03:00,-3.6,89.33467,0.5,11.183201
2026-02-12 17:00:00+03:00,-3.4,89.35154,0.2,10.209348
2026-02-12 18:00:00+03:00,-3.05,89.38096,0.1,9.080639
2026-02-12 19:00:00+03:00,-2.75,89.40608,0.0,8.473393
2026-02-12 20:00:00+03:00,-2.55,90.43379,0.0,7.6642804
2026-02-12 21:00:00+03:00,-3.05,91.76476,0.0,6.310277
2026-02-12 22:00:00+03:00,-2.95,91.77135,0.0,6.7205353
2026-02-12 23:00:00+03:00,-2.8,92.125656,0.0,6.3639607
2026-02-13 00:00:00+03:00,-2.65,92.82667,0.0,6.0721655
2026-02-13 01:00:00+03:00,-2.35,92.84392,0.0,5.5829024
2026-02-13 02:00:00+03:00,-2.25,93.543655,0.0,4.978554
2026-02-13 03:00:00+03:00,-2.55,95.28739,0.1,7.1389914
2026-02-13 04:00:00+03:00,-2.3,95.65162,0.3,7.6409945
2026-02-13 05:00:00+03:00,-1.95,95.66397,0.5,6.889557
2026-02-13 06:00:00+03:00,-1.6,96.38516,0.3,7.0934615
2026-02-13 07:00:00+03:00,-1.15,96.044624,0.7,6.4924874
2026-02-13 08:00:00+03:00,-0.7,96.765144,0.7,5.3999996
2026-02-13 09:00:00+03:00,-1.0,96.75725,0.9,3.9477081
2026-02-13 10:00:00+03:00,-0.35,96.07017,0.4,3.8183763
2026-02-13 11:00:00+03:00,0.55,94.02797,0.0,5.1826253
2026-02-13 12:00:00+03:00,0.95,93.3677,0.0,5.0816135
2026-02-13 13:00:00+03:00,1.2,92.70719,0.0,5.3305535
2026-02-13 14:00:00+03:00,1.35,92.04727,0.0,5.0528407
2026-02-13 15:00:00+03:00,1.25,92.04101,0.0,4.32
2026-02-13 16:00:00+03:00,1.1,93.37559,0.0,5.414979
2026-02-13 17:00:00+03:00,1.0,94.04934,0.1,6.297428
2026-02-13 18:00:00+03:00,1.0,94.73272,0.1,6.8423676
2026-02-13 19:00:00+03:00,1.15,94.73903,0.1,7.10031
2026-02-13 20:00:00+03:00,1.3,94.40388,0.0,8.29173
2026-02-13 21:00:00+03:00,1.4,95.43515,0.0,7.5685663
2026-02-13 22:00:00+03:00,1.5,95.43881,0.1,8.699793
2026-02-13 23:00:00+03:00,1.6,95.44245,0.0,11.384199
2026-02-14 00:00:00+03:00,1.65,95.10157,0.0,12.783802
2026-02-14 01:00:00+03:00,1.65,92.73305,0.0,13.556282
2026-02-14 02:00:00+03:00,1.55,91.396484,0.0,13.397612
2026-02-14 03:00:00+03:00,0.65,93.35189,0.0,10.661107
2026-02-14 04:00:00+03:00,0.6,95.40579,0.0,11.788281
2026-02-14 05:00:00+03:00,0.75,97.50545,0.0,12.2519045
2026-02-14 06:00:00+03:00,0.5,99.639465,0.0,11.9317045
2026-02-14 07:00:00+03:00,0.4,99.27951,0.0,11.402683
2026-02-14 08:00:00+03:00,0.4,99.27951,0.0,12.074766
2026-02-14 09:00:00+03:00,0.55,98.56538,0.0,11.35285
2026-02-14 10:00:00+03:00,0.75,96.80293,0.0,10.6261
2026-02-14 11:00:00+03:00,0.9,96.10959,0.0,12.145665
2026-02-14 12:00:00+03:00,1.1,94.73694,0.0,11.226575
2026-02-14 13:00:00+03:00,1.15,94.397194,0.0,8.431228
2026-02-14 14:00:00+03:00,1.2,94.05881,0.0,6.330782
2026-02-14 15:00:00+03:00,0.7,94.377045,0.0,3.710795
2026-02-14 16:00:00+03:00,0.65,94.71797,0.0,4.8433046
2026-02-14 17:00:00+03:00,0.55,95.403946,0.0,3.4388947
2026-02-14 18:00:00+03:00,0.45,96.44474,0.0,3.0547013
2026-02-14 19:00:00+03:00,0.3,97.85055,0.3,0.9
2026-02-14 20:00:00+03:00,0.1,98.918335,0.3,2.36753
2026-02-14 21:00:00+03:00,0.2,99.27832,0.2,5.6262593
2026-02-14 22:00:00+03:00,0.25,98.91966,0.4,6.6697226
2026-02-14 23:00:00+03:00,0.35,97.851425,0.3,7.5599995
2026-02-15 00:00:00+03:00,0.4,97.145546,0.2,7.458606
2026-02-15 01:00:00+03:00,-0.15,97.132774,0.3,12.936227
2026-02-15 02:00:00+03:00,-2.7,95.63743,0.2,13.615902
2026-02-15 03:00:00+03:00,-4.8,92.70121,0.1,13.184308
2026-02-15 04:00:00+03:00,-6.65,89.072556,0.0,12.783802
2026-02-15 05:00:00+03:00,-7.55,87.267845,0.0,12.566526
2026-02-15 06:00:00+03:00,-8.35,86.15942,0.2,12.791403
2026-02-15 07:00:00+03:00,-9.05,84.72279,0.0,12.601285
2026-02-15 08:00:00+03:00,-9.6,83.645294,0.0,13.14
2026-02-15 09:00:00+03:00,-9.5,82.65869,0.0,12.362475
2026-02-15 10:00:00+03:00,-9.75,81.63423,0.0,12.514855
2026-02-15 11:00:00+03:00,-10.05,80.935524,0.0,12.284918
2026-02-15 12:00:00+03:00,-10.25,79.60664,0.0,11.638917
2026-02-15 13:00:00+03:00,-10.2,78.652626,0.0,12.10157
2026-02-15 14:00:00+03:00,-10.15,77.39483,0.0,12.601285
2026-02-15 15:00:00+03:00,-9.65,74.707054,0.0,12.232057
2026-02-15 16:00:00+03:00,-10.05,74.631645,0.0,11.226575
2026-02-15 17:00:00+03:00,-10.5,75.465706,0.0,9.673221
2026-02-15 18:00:00+03:00,-11.05,75.98479,0.0,10.185519
2026-02-15 19:00:00+03:00,-11.85,76.152794,0.0,11.132385
2026-02-15 20:00:00+03:00,-12.9,77.558266,0.0,10.158444
2026-02-15 21:00:00+03:00,-12.35,77.332344,0.0,9.194106
2026-02-15 22:00:00+03:00,-13.2,78.48056,0.0,6.384293
2026-02-15 23:00:00+03:00,-14.2,80.30772,0.0,5.0975285
2026-02-16 00:00:00+03:00,-14.35,80.62164,0.0,6.4323244
2026-02-16 01:00:00+03:00,-14.8,80.89224,0.0,7.2022495
2026-02-16 02:00:00+03:00,-14.7,80.23008,0.0,9.781473
2026-02-16 03:00:00+03:00,-14.4,76.9726,0.0,8.936777
2026-02-16 04:00:00+03:00,-14.5,76.63101,0.0,9.582358
2026-02-16 05:00:00+03:00,-14.4,76.32658,0.0,10.233123
2026-02-16 06:00:00+03:00,-14.15,75.41353,0.0,12.346741
2026-02-16 07:00:00+03:00,-14.1,74.47557,0.0,12.992459
2026-02-16 08:00:00+03:00,-14.15,74.15239,0.1,14.50983
2026-02-16 09:00:00+03:00,-13.5,74.27889,0.2,15.281989
2026-02-16 10:00:00+03:00,-13.55,74.58153,0.3,15.048042
2026-02-16 11:00:00+03:00,-13.75,75.172035,0.3,16.391863
2026-02-16 12:00:00+03:00,-13.55,75.525566,0.2,15.224637
2026-02-16 13:00:00+03:00,-13.45,75.54417,0.4,14.345898
2026-02-16 14:00:00+03:00,-13.25,77.17541,0.6,15.986595
2026-02-16 15:00:00+03:00,-12.9,77.23661,0.7,17.845436
2026-02-16 16:00:00+03:00,-12.7,75.998405,0.6,21.916431
2026-02-16 17:00:00+03:00,-12.7,73.81556,0.5,26.407907
2026-02-16 18:00:00+03:00,-12.55,74.15303,0.4,23.33136
2026-02-16 19:00:00+03:00,-12.0,72.13391,0.3,22.277134
2026-02-16 20:00:00+03:00,-11.85,70.68131,0.2,20.757051
2026-02-16 21:00:00+03:00,-11.75,68.10253,0.1,19.660416
2026-02-16 22:00:00+03:00,-12.0,66.915886,0.1,18.720863
2026-02-16 23:00:00+03:00,-12.4,66.82161,0.0,18.379402
